New Name,Old Name
AGORA-17.5W,AGORA-15W
AGORA-23.7E,AGORA-21E
AGORA-31E,AGORA-33E
AGORA-38E,AGORA-37E
AGORA-49E,AGORA-45E
AGORA-8.7E,AGORA-9E
AGRANI-3,OBSIDIAN-3
ALCOMSAT-27.6W,ALCOMSAT-33.5W
AL-FARABI-2,AL-FARABI-1
AMS-A1-33W,AMS-A1-36W
AMS-A2-21W,AMS-A2-24W
AM-SAT A1,GESATCOM-A1
AM-SAT A3,GESATCOM A3
AM-SAT A4,GESATCOM-A4
AM-SAT AF1,GESATCOM-AF1
AM-SAT AF2,GESATCOM-AF2
AM-SAT AF3,GESATCOM-AF3
AM-SAT E2,GESATCOM-E2
AM-SAT E3,GESATCOM-E3
AM-SAT E5,GESATCOM-E5
AMS-B2-13.8E,AMS-B2-12E
AMS-C1-137E,AMS-C1-138E
AMS-C1-43E,AMS-C1-42E
AMS-C1-67.25E,AMS-C1-66E
AMS-C1-82.5E,AMS-C1-84E
AMS-C2-39.2E,AMS-C2-36E
AMS-C8-114E,AMS-C8-113E
AMS-CK-22.75E,AMS-CK-22E
AMS-CK-26W,AMS-CK-22W
AMS-CK-33W,AMS-CK-31W
AMS-CK-43E,AMS-CK-41E
AMS-CK-65E,AMS-CK-59E
AMS-CK-82.5E,AMS-CK-77E
ANIK D-2,TELESAT D-2
ANIK E-A,TELESAT E-A
ANIK E-B,TELESAT E-B
ANIK-F1,CANSAT-1A
ANIK-F2,CANSAT-4
ANIK-F3,CANSAT-22
APMTSAT1-39.5E,APMTSAT1-37.5E
ARABSAT 1-A,ARABSAT 1
ARABSAT 1-B,ARABSAT 2
ASAT W026,ASAT W024
ASAT-B,ASAT LEO
ASAT-P1B,ASAT W006
ASAT-P2B,ASAT E024
ASAT-P3B,ASAT E030
ASIASAT-1,ASIASAT-C
ASIASAT-100.3U,ASIASAT-EKU
ASIASAT-100.5T,ASIASAT-100.7T
ASIASAT-100.7U,ASIASAT-CKU
ASIASAT-105.5T,ASIASAT-105.7T
ASIASAT-71U,ASIASAT-70U
ASIASAT-90.5E-A,ASIASAT-90E-A
ASISAT-98E-A,ASIASAT-98.5E-A
AST-102W,AST-2-108W
AST-IKAU-126.9E,AST-6-126E
AST-IKAU-67.5E,AST-6-066E
AST-NG-C-3,AST-5-NGSO1
ATHENA-FIDUS-23.7E,ATHENA-23.7E
ATHENA-FIDUS-25E,ATHENA-25E
ATHENA-FIDUS-31E,ATHENA-31E
ATHENA-FIDUS-38E,ATHENA-38E
ATHENA-FIDUS-49E,ATHENA-49E
AUSSAT 156E PAC,AUSSAT-2
AUSSAT A 156E,PACIFIC-2
AUSSAT A 156E,AUSSAT-2
AUSSAT A 160E,AUSSAT-1
AUSSAT A 160E PAC,AUSSAT PACIFIC-1
AUSSAT A 164E,AUSSAT-3
AUSSAT A 164E PAC,AUSSAT PACIFIC-3
AUSSAT B 156E,AUSSAT B2
AUSSAT B 156E MC,AUSSAT B2 MC
AUSSAT B 156E MOB,AUSSAT B2-MOB
AUSSAT B 156E NZ,AUSSAT B2 NZ
AUSSAT B 156E R,AUSSAT B2-R
AUSSAT B 156E S,AUSSAT B2-S
AUSSAT B 160E,AUSSAT B1
AUSSAT B 160E MC,AUSSAT B1 MC
AUSSAT B 160E MOB,AUSSAT B1-MOB
AUSSAT B 160E NZ,AUSSAT B1 NZ
AUSSAT B 160E R,AUSSAT B1-R
AUSSAT B 160E S,AUSSAT B1-S
AZERSAT 45E,AZERSAT 43.5E
AZERSAT 95.9,AZERSAT 96
AZERSAT A,AZERSAT 42
AZERSAT B,AZERSAT 57
AZERSAT C,AZERSAT C62
AZERSAT D,AZERSAT C42
AZERSAT E,AZERSAT C37
AZERSAT-G (59E),AZERSAT-62E
BIFROST-0.8W-2010-KA,NORSAT-1D
BIFROST-2E-FSS-2009,BIFROST-8E-2009
BIFROST-4W-FSS-2009,BIFROST-0.8W-2009
BRUSAT-A,BRUSAT-76.5E
BRUSAT-B,BRUSAT-85E
BRUSAT-C,BRUSAT-87.5E
BSB-1,UNISAT 1
BT-SAT 21.5E,MCSAT-2 E024
BT-SAT 44.2E,MCSAT-2 E048
CALIPSO,PICASSO
CANSAT-10 XKU,CANSAT-10
CANSAT-10V,CANSAT-10
CANSAT-11 XKU,CANSAT-11
CANSAT-11V,CANSAT-11
CANSAT-12 XKU,CANSAT-12
CANSAT-12V,CANSAT-12
CANSAT-13 XKU,CANSAT-13
CANSAT-13V,CANSAT-13
CANSAT-14 XKU,CANSAT-14
CANSAT-14V,CANSAT-14
CANSAT-15 XKU,CANSAT-15
CANSAT-15V,CANSAT-15
CANSAT-16 XKU,CANSAT-16
CANSAT-16V,CANSAT-16
CANSAT-22,ANIK-F3
CANSAT-4,ANIK-F2
CD-SAT 105.2E,MCSAT E108
CD-SAT 123.1W,MCSAT W126
CD-SAT 148E,MCSAT E144
CD-SAT 152E,MCSAT E150
CHINASAT-163E,CHINASAT-164.5E
CHINASAT-71.7E,CHINASAT-71.5E
CHINASAT-D-110.5E,CHINASAT-D17
CHINASAT-D-115.5E,CHINASAT-D18
CHINASAT-D-125E,CHINASAT-D19
CHINASAT-D-163E,CHINASAT-D23
CHINASAT-D-87.5E,CHINASAT-D13
CHINASAT-E-113E,CHINASAT-E29
CHINASAT-E-125E,CHINASAT-E34
CHINASAT-L1,CHINASAT-134E
CHNBSAT-K-101.4E,CHNBSAT-G4-7
CHNSAT-118E,ASIASAT-AAB
COMS-116.2E,COMS-122E
COMS-128.2E,COMS-134E
CP 125.2E,CP 126E
CP 60.75E,CP 066E
CP 60.75E G2,BASAT E060
DFH-5-03A,DFH-G1-06
DJIBOUTI-1B,DJIBOUTI-1A
DRN-D1,VP 006W
DRN-D2,VP 078W
DRN-D3,VP 162W
DRN-D4,VP 102E
DRN-N1B,CP LEO
DRN-N2B,CP MEO
DRN-N3B,CP HEO
DRN-P1,VP 042W
DRN-P1B,CP 042W
DRN-P2,VP 018E
DRN-P2B,CP 018E
DRN-P3,VP 030E
DRN-P3B,CP 030E
DRN-P4,VP 042E
DRN-P4B,CP 042E
DUB DUB-4-7.7W,DUB DUB-4-1.7W
DUB DUB-5-18W,DUB DUB-5-17W
DUB DUB-6-15.5W,DUB DUB-6-14W
EAST-1,EAST-13E
EAST-2,EAST-22E
EGYCOMM0A,NAVISAT-12A
EGY-N-SAT,EGYCOMM16A
ELCOR 2,AGRANI-1
ELSA-D,ADRAS-1
ENDEAVOUR-1,ENDEAVOUR
ENVISAT,ENVISAT-1
ESHAILSAT-26E-2,ARABSAT-AXB26E_KU
ESSELSAT-1,AGRANI-3
EUROPESTAR-45E,EUROPE*STAR-45E
EUROPESTAR-47.5E,EUROPE*STAR-47.5E
EUROSAT-15E,EUROSAT-12E
EUTELSAT 1-8,EUTELSAT 1-6
EUTELSAT 2-4E,EUTELSAT 2-31E
EUTELSAT 3-25.5E,EUTELSAT 3-14.8W
FALAK-1,ASTROCAST-1
FASAT-BRAVO,FASAT-ALFA
F-MILSATCOM-45E,F-MILSATCOM-49E
F-SAT 21 KU,GEOSAT KU 3W
F-SATDAB-1A,3GSAT-G16
F-SATDAB-4,3GSAT-G3
F-SATDAB-5B,3GSAT-G18
F-SAT-E-133.5E,F-SAT-E-DRS-130E
F-SAT-E-137E,F-SAT-E-DRS-136E
F-SAT-E-155.9E,F-SAT-E-DRS-154E
F-SAT-E-163.5E,F-SAT-E-DRS-160E
F-SAT-E-164.1E,F-SAT-E-DRS-166E
F-SAT-E-170.5E,F-SAT-E-DRS-172E
F-SAT-E-58.45E,F-SAT-E-DRS-60E
F-SAT-E-DRS-3E,F-SAT-E-DRS-4E
F-SAT-E-DRS-9E,F-SAT-E-DRS-10E
F-SAT-KB1-E-7W,F-SAT-KB1-E-5W
F-SAT-KU-E-1.6E,F-SAT-KU-E-1E
F-SATMULTI-1,RSNG-A
F-SATMULTI-1,RSNG-B
F-SAT-N4-113W,F-SAT-N4-115W
F-SAT-N4-116.9W,F-SAT-N4-111W
F-SAT-N4-133W,F-SAT-N4-129W
F-SAT-N4-139W,F-SAT-N4-142W
F-SAT-N-7W,F-SAT-N-6W
F-SAT-S-E-3E,F-SAT-S-E-4E
FUTURA-1,EMARSAT-13Y
FUTURA-3,EMARSAT-13A
GC-4-105.6E,GC-4-106.5E
GEOSAT C 16W,F-SAT 20 C
GEOSAT C 180E,VIDEOSAT-18-C
GEOSAT C 18W,F-SAT 19 C
GEOSAT C 1E,VIDEOSAT-10-C
GEOSAT C 1W,VIDEOSAT-9-C
GEOSAT C 32E,VIDEOSAT-12-C
GEOSAT C 34.5W,F-SAT 18 C
GEOSAT C 3W,F-SAT 21 C
GEOSAT C 50W,F-SAT 16 C
GEOSAT C 62E,F-SAT 7 C
GEOSAT C 85E,F-SAT 10 C
GEOSAT KU 16W,F-SAT 20 KU
GEOSAT KU 180E,VIDEOSAT-18-KU
GEOSAT KU 18W,F-SAT 19 KU
GEOSAT KU 1E,VIDEOSAT-10-KU
GEOSAT KU 1W,VIDEOSAT-9-KU
GEOSAT KU 32E,VIDEOSAT-12-KU
GEOSAT KU 34.5W,F-SAT 18 KU
GEOSAT KU 3W,F-SAT 21 KU
GEOSAT KU 50W,F-SAT 16 KU
GEOSAT KU 62E,F-SAT 7 KU
GEOSAT KU 85E,F-SAT 10 KU
GEOSAT-3E,F-SAT 22
GESATCOM E1,AM-SAT E1
GESATCOM-E2,AM-SAT E2
GESATCOM-E3,AM-SAT E3
GESATCOM-E4,AM-SAT E4
GESATCOM-E5,AM-SAT E5
GIBSAT-125W,AMC-125W
GIBSAT-129W,AMC-129W
GIBSAT-139W,AMC-139W
GIBSAT-47.5W,GIBSAT-47W
GIBSAT-72.5W,GIBSAT-75W
GIBSAT-77W,AMC-77W
GK2-116.2E,GK2A-116.2E
GK2-128.2E,GK2A-128.2E
GMS-160E,GMS
GMS-160E,GMSS
GOES-EAST-1,GOES-I
GOES-WEST-1,GOES-J
GREENSAT-1,GROENSAT-TP1
HJ-1-ABC,HJ-1-A/B/C
IDF-UHF,IDS-UHF
INMARSAT GSO-1A,INMARSAT-4 GSO-1A
INMARSAT GSO-1B,INMARSAT-4 GSO-1B
INMARSAT GSO-1C,INMARSAT-4 GSO-1C
INMARSAT GSO-1D,INMARSAT-4 GSO-1D
INMARSAT GSO-1E,INMARSAT-4 GSO-1E
INMARSAT GSO-1F,INMARSAT-4 GSO-1F
INMARSAT GSO-1G,INMARSAT-4 GSO-1G
INMARSAT GSO-2A,INMARSAT-4 GSO-2A
INMARSAT GSO-2B,INMARSAT-4 GSO-2B
INMARSAT GSO-2C,INMARSAT-4 GSO-2C
INMARSAT GSO-2D,INMARSAT-4 GSO-2D
INMARSAT GSO-2E,INMARSAT-4 GSO-2E
INMARSAT GSO-2F,INMARSAT-4 GSO-2F
INMARSAT GSO-2G,INMARSAT-4 GSO-2G
INMARSAT-2 AOR CL 2A,INMARSAT AOR-CENT 2A
INMARSAT-2 AOR EAST,INMARSAT AOR-EAST
INMARSAT-2 AOR EAST2,INMARSAT AOR EAST-2
INMARSAT-2 AOR EAST2,INMARSAT-2 AOR EAST
INMARSAT-2 AOR WEST2,INMARSAT AOR WEST-2
INMARSAT-2 AOR-WEST,INMARSAT AOR-WEST
INMARSAT-2 IOR 1,INMARSAT IOR
INMARSAT-2 IOR 2,INMARSAT IOR-2
INMARSAT-2 POR 1,INMARSAT POR-1
INMARSAT-2 POR 2,INMARSAT POR-2
INMARSAT-4 LEO-2,INMARSAT ICO-A
INMARSAT-6-108.5E,INMARSAT-6-104E
INMARSAT-6-147E,INMARSAT-6-144E
INMARSAT-6-147W,INMARSAT-6-143W
INMARSAT-6-17.5W,INMARSAT-6-16W
INMARSAT-6-175W,INMARSAT-6-179E
INMARSAT-6-21.5E,INMARSAT-6-24E
INMARSAT-6-57W,INMARSAT-6-55W
INMARSAT-6-58E,INMARSAT-6-63E
INMARSAT-6-86E,INMARSAT-6-92E
INMARSAT-KA 107W,INMARSAT-KA 105W
INMARSAT-KA 148E,INMARSAT-KA 142.5E
INMARSAT-KA 151E,INMARSAT-KA 149E
INMARSAT-KA 171E,INMARSAT-KA 169E
INMARSAT-KA 180E,INMARSAT-KA 179W
INMARSAT-KA 23E,INMARSAT-KA 25E
INMARSAT-KA 35E,INMARSAT-KA 34E
INMARSAT-KA 56.5E,INMARSAT-KA 53E
INMARSAT-KA 56W,INMARSAT-KA 54W
INMARSAT-KA 63E,INMARSAT-KA 62E
INMARSAT-KA 63W,INMARSAT-KA 66W
INMARSAT-KA 67E,INMARSAT-KA 69E
INMARSAT-KA 68.5E,INMARSAT-KA 65E
INMARSAT-KA 69E,INMARSAT-KA 67E
INMARSAT-KA 72E,INMARSAT-KA 77E
INMARSAT-KA 76.5E,INMARSAT-KA 79E
INMARSAT-KA 83.5E,INMARSAT-KA 86E
INMARSAT-KA 86E,INMARSAT-KA 83.5E
INMARSAT-KA 87.5E,INMARSAT-KA 85E
INMARSAT-KA 93E,INMARSAT-KA 91E
INMARSAT-KA 97W,INMARSAT-KA 98W
INMARSAT-LEO 1A,INMARSAT-4 LEO-1
INMARSAT-LEO 1B,INMARSAT-4 LEO-1
INMARSAT-LEO 1C,INMARSAT-4 LEO-1
INMARSAT-LEO 2A,INMARSAT-4 LEO-2
INMARSAT-LEO 2B,INMARSAT-4 LEO-2
INMARSAT-LEO 2C,INMARSAT-4 LEO-2
INNOSAT,TIUNGSAT-1
INSAT-2(74),INSAT-2C
INSAT-2(83),INSAT-2A
INSAT-2(93.5),INSAT-2B
INSAT-2E74,INSAT-2E (74)
INSAT-2E82,INSAT-2E (82)
INSAT-2E83,INSAT-2E (83)
INSAT-2E93.5,INSAT-2E (93.5)
INSAT-2K (74),INSAT-2KC
INSAT-2K (83),INSAT-2KA
INSAT-2K (93.5),INSAT-2KB
INSAT-C/KU(86),GSAT-7(86)
INSAT-KA101E,INSAT-KA(101E)
INSAT-KA104.5E,INSAT-KA104.3E
INSAT-KA111.5E,INSAT-KA(111.5E)
INSAT-KA114E,INSAT-KA(114E)
INSAT-KA117.5E,INSAT-KA(117.5E)
INSAT-KA41.8E,INSAT-KA(41.8E)
INSAT-KA44.8E,INSAT-KA(44.8E)
INSAT-KA51.2E,INSAT-KA(51.2E)
INSAT-KA64.3E,INSAT-KA(64.3E)
INSAT-KA68E,INSAT-KA66E
INSAT-KA74E,INSAT-KA(74)
INSAT-KA77.1E,INSAT-KA(77.1E)
INSAT-KA82.5E,INSAT-KA(82.5E)
INSAT-KA85.5E,INSAT-KA(85.5E)
INSAT-KA89E,INSAT-KA(89E)
INSAT-KA93.5E,INSAT-KA(93.5E)
INSAT-KA97.3E,INSAT-KA(97.3E)
INTELSAT IBS 304.5E,INTELSAT IBS 304E
INTELSAT IBS 304.5E,INTELSAT IBS 310E
INTELSAT IBS 342E,INTELSAT IBS 341.5E
INTELSAT KA 145E,INTELSAT8 304E
INTELSAT MCS 64.9E,INTELSAT MCS INDOC D
INTELSAT10 310E,NI-ALPHA 310E
INTELSAT10 359E,NI-ALPHA 359E
INTELSAT5 183E,INTELSAT5 PAC1
INTELSAT5 33E,INTELSAT5 CONT2
INTELSAT5 69E,INTELSAT5 INDOC3
INTELSAT5 72E,INTELSAT5 69E
INTELSAT5 PAC2,INTELSAT5 85E
INTELSAT5A 157E,INTELSAT5A INDOC1
INTELSAT5A 180E,INTELSAT5A PAC2
INTELSAT5A 304.5E,INTELSAT5A 304E
INTELSAT5A 330.5E,INTELSAT5A INDOC3
INTELSAT5A 342E,INTELSAT5A ATL4
INTELSAT6 335.5E,INTELSAT6 ATL1
INTELSAT7 307E_1,INTELSAT7 307E
INTELSAT7 328.5E,INTELSAT7 329E
INTELSAT8 174E,INTELSAT FOS 174E
INTELSAT8 177E,INTELSAT FOS 177E
INTELSAT8 180E,INTELSAT FOS 180E
INTELSAT8 183E,INTELSAT FOS 183E
INTELSAT8 319.5E,INTELSAT FOS 319.5E
INTELSAT8 325.5E,INTELSAT FOS 325.5E
INTELSAT8 328.5E,INTELSAT8 329E
INTELSAT8 338.5E,INTELSAT FOS 338.5E
INTELSAT8 342E,INTELSAT FOS 342E
INTELSAT8 57E,INTELSAT FOS 57E
INTELSAT8 66E,INTELSAT FOS 66E
INTELSAT9 174E,INTELSAT9 338.5E
INTELSAT9 33E,INTELSAT9 319.5E
INTERSPUTNIK-113W,INTERSPUTNIK-111.1W
INTERSPUTNIK-114.5EM,INTERSPUTNIK-114E-M
INTERSPUTNIK-164E,INTERSPUTNIK-165E
INTERSPUTNIK-26W,INTERSPUTNIK-24W
INTERSPUTNIK-52.5W,INTERSPUTNIK-55W
INTERSPUTNIK-62.5E,INTERSPUTNIK-58.5E
INTERSPUTNIK-67.4E,INTERSPUTNIK-64.2E
INTERSPUTNIK-87W,INTERSPUTNIK-85.2W
INTERSPUTNIK-97.8W,INTERSPUTNIK-99.7W
ISS-USOS-RPOD,ISS-ORION
ITALSAT 13.2E,ITALSAT
JMCS-72E,JMCS-68E
JMCS-82E,JMCS-80E
JMCS-93E,JMCS-92E
JMCS-93E,N-SAT-93E
KORBSAT-113E,KORBSAT-110E
KOREASAT 3-1,KOMPSAT-3-1
KOREASAT 5-1,KOMPSAT-5-1
KOREASAT 6-1,KOMPSAT-6-1
KOREASAT 7-1,KOMPSAT-7-1
KTSAT-11E,KTSAT-10E
KYPROS-APHRODITE-3,ONETEL-90E
LABSAT,BIO-NANOSATELITA
LB-SAT-133E,MCSAT-4E132
LH-SAT 151.5E,MCSAT-2 E156
LM-RPS-107.3W,LM-RPS-109W
LM-RPS-109W,LM-RPS-107.3W
LM-RPS-133W,LM-RPS-129W
LOGOHU-V-81E,LOGOHU-V-80E
LUX-G3-26-A,LUX-G3-26
LUX-G3-27-A,LUX-G3-27
LUX-G3-29-B,LUX-G3-29
LUX-G3-30-A,LUX-G3-30
LUX-G3-31-A,LUX-G3-31
LUX-G3-31-B,LUX-G3-31
LUX-G3-32-A,LUX-G3-32
LUX-G3-33-A,LUX-G3-33
MADAR-123W,MADAR-G1-125W
MADAR-124W,YAHSAT-G8-120W
MADAR-142E,YAHSAT-G8-140E
MADAR-142E-2,MADAR-G1-140E
MADAR-15E,MADAR-G1-15E
MADAR-160E,YAHSAT-G8-160E
MADAR-160E-2,MADAR-G1-160E
MADAR-166E,YAHSAT-G8-170E
MADAR-16W,YAHSAT-G10-15W
MADAR-18W,YAHSAT-G10-20W
MADAR-20W,YAHSAT-G10-25W
MADAR-20W-2,EMARSAT-12Z-M
MADAR-28W,YAHSAT-G7-30W
MADAR-28W-2,YAHSAT-G8-30W
MADAR-33.5E,MADAR-G1-35E
MADAR-33E-2,EMARSAT-12C
MADAR-43W,YAHSAT-G7-40W
MADAR-45W,YAHSAT-G9-45W
MADAR-46E,YAHSAT-G7-45E
MADAR-47.5E,YAHSAT-G7-47E
MADAR-47.5E-2,EMARSAT-12D
MADAR-5.5E,YAHSAT-G10-0E
MADAR-50.5E,YAHSAT-G7-50E
MADAR-50.5E-2,YAHSAT-G9-50E
MADAR-50W,YAHSAT-G8-50W
MADAR-52.5E,YAHSAT-G8-52.5E
MADAR-52.5E-2,EMARSAT-12G
MADAR-55E,MADAR-G1-55E
MADAR-57E,YAHSAT-G7-57E
MADAR-57E-2,YAHSAT-G10-57E
MADAR-57W,YAHSAT-G9-55W
MADAR-60E,YAHSAT-G8-60E
MADAR-60E-2,EMARSAT-12E
MADAR-63E,EMARSAT-12H
MADAR-70W,YAHSAT-G9-70W
MADAR-72.5E,YAHSAT-G8-70E
MADAR-72.5E-2,MADAR-G1-70E
MADAR-73W,YAHSAT-G10-73W
MADAR-81W,YAHSAT-G9-80W
MADAR-85E,YAHSAT-G10-85E
MADAR-91.5E,YAHSAT-G10-90E
MADAR-93W,MADAR-G1-90W
MADAR-95W,YAHSAT-G10-95W
MARECS ATL1,MARECS-D
MARECS ATL2,MARECS-A
MARECS ATL-5,MARECS ARL3
MARECS MED-1,MARECS IND1
MARECS PAC1,MARECS-B
MARISAT-CONUS,MARISAT-ATL
MCSAT-2 MEO-2,MCSAT-2 MEO
MEASAT-1,MEASAT-IK 91.5E
MEASAT-13.4E,MEASAT-18E
MEASAT-4B,MEASAT-78.5E-A
MEASAT-87E-A,MEASAT-86E-A
MEASAT-ROUTE-2C,MEASAT-SA3A
MEASAT-SA3B,MEASAT-ROUTE-2B
MISR,PROMETHEUS-B2
MM 008W,MM 012W
MM 10.25W,MM 006W
MM 55.2W,MM 060W
MM 74.75W,MM2 80W
MOHAMMED VI - AB,MN35-13
MONASAT-2E,MONASAT-0E
MORELOS 2-R,MORELOS 2
MSG-3.5E,MTG-3.5E
NORBIRD-19.6E,NORBIRD-1C
NORBIRD-32.5E,NORBIRD-1D
NORBIRD-38.5E,NORBIRD-1F
NORBIRD-41E,NORBIRD-1E
N-SAT-120,N-SAT-118E
N-SAT-143.72E,N-SAT-143.3E
N-SAT-72E,N-SAT-76E
N-SAT-75E,N-SAT-81E
N-SAT-82E,N-SAT-80E
N-SAT-93E,N-SAT-90E
N-SAT-A-114.9W,N-SAT-A-119W
N-SAT-A-28.5E,N-SAT-A-29.5E
N-SAT-A-81W,N-SAT-A-87W
N-SAT-A-8W,N-SAT-A-6.5W
N-SAT-Y13-110W,N-SAT-Y13-108W
N-SAT-Y13-150.5E,N-SAT-Y13-150E
N-SAT-Y13-26W,N-SAT-Y13-24W
N-SAT-Y13-82E,N-SAT-Y13-78E
N-SAT-Y15-110E,N-SAT-Y15-108E
N-SAT-Y15-110E,JMCS-Y15-110E
N-SAT-Y15-124E,N-SAT-Y15-120E
N-SAT-Y15-127W,N-SAT-Y15-126W
N-SAT-Y15-128E,N-SAT-Y15-126E
N-SAT-Y15-136E,N-SAT-Y15-138E
N-SAT-Y15-144E,JMCS-Y15-143E
N-SAT-Y15-154E,N-SAT-Y15-156E
N-SAT-Y15-158E,N-SAT-Y15-162E
N-SAT-Y15-158E,JMCS-Y15-158E
N-SAT-Y15-162E,N-SAT-Y15-168E
N-SAT-Y15-162E,JMCS-Y15-162E
N-SAT-Y15-82E,N-SAT-Y15-84E
N-SAT-Y15-93E,N-SAT-Y15-96E
N-SAT-Y15-93E,JMCS-Y15-93E
NSS-44,NSS-145W
NSS-45,NSS-90W
NSS-46,NSS-60W
NSS-47,NSS-27.5W
NSS-48,NSS-21.5W
NSS-49,NSS-38E
NSS-50,NSS-80E
NSS-51,NSS-141.5E
NSS-52,NSS-75.5W
NSS-53,NSS-2E
NSS-54,NSS-39E
NSS-55,NSS-51E
NUSANTARA-H1-A,PALAPA-815
OBSIDIAN-1,AGRANI-1
OBSIDIAN-1A,AGRANI-1A
OBSIDIAN-2,AGRANI-2
OBSIDIAN-2A,AGRANI-2A
OBSIDIAN-3A,AGRANI-3A
ODYSSEY-127W,ODYSSEY-125W
ONETEL-113W,SUPREMESAT-113W
PACIFISAT-116.1E,PACIFISAT-113.6E
PACIFISAT-16W,PACIFISAT-12W
PACIFISAT-174.1E,PACIFISAT-176.1E
PAKSAT-1,PAKSAT-A
PAKSAT-2,PAKSAT-B
PALAPA PAC-3 C,PALAPA PAC-3 CKU
PAS-ENDEAVOUR-115W,PAS-ENDEAVOUR-110W
PAS-ENDEAVOUR-115WKA,PAS-ENDEAVOUR-110WKA
PAS-ENDEAVOUR-166EKA,PAS-ENDEAVOUR-166E
PESSE-11E-KA,PESSE-9E-KA
PESSE-137E-KA,PESSE1-137E-KA
PESSE-17E-KA,PESSE1-17E-KA
PESSE-20.5E-KA,PESSE1-21E-KA
P-P-SAT-1,NAHUEL-F
QATARSAT-G4-38.5E,QATARSAT-G4-38E
RAADSAT,MYSAT-2C
RADIOSAT-5,RADIOSAT
RASCOM-A,RASCOM-42.5E
RASCOM-A,RASCOM-EC-42.5E
RASCOM-A,RASCOM-KU-42.5E
RASCOM-B,RASCOM-EC-37.5E
RASCOM-B,RASCOM-37.5E
RASCOM-B,RASCOM-EC
RASCOM-B,RASCOM-KU-37.5E
RASCOM-C,RASCOM-EC
RASCOM-C,RASCOM-KU-5.5E
RASCOM-C,RASCOM-5.5E
RASCOM-C,RASCOM-EC-5.5E
SABS-1,SABS
SARIT-19W,SARIT
SATCOM-5,SATCOM-4
SE-6-108.5E,SE-6-104E
SE-6-147E,SE-6-144E
SE-6-147W,SE-6-143W
SE-6-17.5W,SE-6-16W
SE-6-175W,SE-6-179E
SE-6-21.5E,SE-6-24E
SE-6-57W,SE-6-55W
SE-6-58E,SE-6-63E
SE-6-86E,SE-6-92E
SE-6-HEO-1,SE-6-HEO
SE-6-HEO-1A,SE-6-LEO
SECOMSAT B29E (KA),SECOMSAT B29E
SECOMSAT-59W,SECOMSAT-57W
SE-KA-174W,SE-KA-173W
SE-KA-178W,SE-KA-176W
SE-KA-18W,SE-KA-20W
SE-KA-20W,SE-KA-17W
SE-KA-28W,SE-KA-23W
SE-KA-55W,SE-KA-53W
SE-KA-56.5E,SE-KA-57E
SE-KA-61.5E,SE-KA-59E
SE-KA-63W,SE-KA-62W
SE-KA-64E,SE-KA-61E
SE-KA-68.5E,SE-KA-65E
SE-KA-72E,SE-KA-71E
SE-KA-76.5E,SE-KA-79E
SE-KA-83.5E,SE-KA-83E
SE-KA-87.5E,SE-KA-87E
SE-KA-93E,SE-KA-91E
SHAHEEN SAT,SAUDISAT-4
SICH2,SITCH
SICRAL-4-37E,SICRAL-4-39E
SIMON BOLIVAR 1,CONDOR-1
SIMON BOLIVAR-A,CONDOR-A
SIMON BOLIVAR-B,CONDOR-B
SIMON BOLIVAR-C,CONDOR-C
SIRIUS-5E-2,SIRIUS-5E-4
SITCH-1-M,SICH1-M
SMO-GEO-7A-C,GALILEO-NAV-2004
SOLIDARIDAD 2M,SOLIDARIDAD M2
SOLIDARIDAD-1,MORELOS 3
SOLIDARIDAD-2,MORELOS 1
SPACE STN FREEDOM,INTNL SPACE STN ACS
SPACE STN FREEDOM,INTNL SPACE STN SGS
SPACELOOP,SPACELOOP-1B
SPACENET-3,ADV. WESTAR
S-SAT-135E,S-SAT-136E
S-SAT-137E,S-SAT-141E
S-SAT-146.5E,S-SAT-146E
SSBT B3,SST-1
SW1FT-VISION,SWIATOWID 2
THAICOM-A1,THAICOM-1
THAICOM-A2,THAICOM-2
THAICOM-A3,THAICOM-3
THAICOM-A4,THAICOM-4
THAICOM-AK1,THAICOM-1
TONGASAT C1/C1-R,TONGASAT C-1
TONGASAT C1/C1-R,TONGASAT C-1-R
TURKSAT-23W-A,TURKSAT-19W-A
TURKSAT-31E-D,TURKSAT-31.5E-D
TURKSAT-EUX25,TURKSAT-AHU25
TURKSAT-EUX31,TURKSAT-AHU31
TURKSAT-EUX37,TURKSAT-AHU37
TURKSAT-EUX42,TURKSAT-AHU42
TURKSAT-EUX50,TURKSAT-AHU50
TURKSAT-EUX56,TURKSAT-AHU56
TURKSAT-EUX61,TURKSAT-AHU61
TURKSAT-EUX72,TURKSAT-AHU72
UKJKSAT-1,INMARSAT-S2
UKRSAT-KA-38.2E,UKRASAT-KA-38.2E
US SATCOM 2-R,US SATCOM-5
USAFAFALCONSAT,FALCONSAT-6
USAKA-L1,USAMEO-5
USASAT-13F,PANAMSAT
USASAT-13F,PAS-1
USASAT-13I-1,PANAMSAT
USASAT-13I-1,PAS-1
USASAT-25D,USASAT-26D
USASAT-3C,TELSTAR-3B
USASAT-66C,USASAT-55C
USASAT-NGSO-4,USASAT NGSO-4
USOBO-10,USOBO-1
VENESAT-1,URUSAT-3
VIDEOSAT-10-C,GEOSAT C 1E
VIDEOSAT-5-C-A,TELECOM-3D
VIDEOSAT-5-KU-A,VIDEOSAT-5-KA
VIDEOSAT-6-KU-A,VIDEOSAT-6-KA
VIDEOSAT-8-C-A,TELECOM-3C
VIDEOSAT-8-KA-A,VIDEOSAT-8
VIDEOSAT-8-KU-A,VIDEOSAT-8
VIDEOSAT-8-KU-B,TELECOM-2C
VIDEOSAT-8-KU-C,VIDEOSAT-8
VIDEOSAT-8-KU-D,VIDEOSAT-8
VIDEOSAT-9-C,GEOSAT C 1W
VNSAT-112.5E,VNSAT-110E
YAHSAT-57E,YAHSAT-58E
YAHSAT-EHF-33E,YAHSAT-EHF-30E
YAHSAT-EHF-50.5E,YAHSAT-EHF-50E
YAHSAT-G5-28W,YAHSAT-G5-25W
YAHSAT-G5-43W,YAHSAT-G5-40W
YAHSAT-G5-66E,YAHSAT-G5-65E
YAHSAT-G6-17.5W,YAHSAT-G6-15W
YAHSAT-KA1-52.5E,YAHSAT-KA-57E
YAHSAT-KA-17.5W,YAHSAT-KA-15W
YAHSAT-KA-33E,YAHSAT-KA-30E
YAHSAT-KA-47.5E,YAHSAT-KA-52.5E
YAHSAT-KA-50.5E,YAHSAT-KA-46E
YAHSAT-N-25.5E,YAHSAT-N-25E
YAHSAT-N-33W,YAHSAT-N-30W
YAHSAT-N-45W,YAHSAT-N-40W
YAHSAT-N-46E,YAHSAT-N-45E
YAHSAT-N-8E,YAHSAT-N-5E
